,question,answer,model_answer,confidence_score,start_index,end_index,comparison
0,Do I need basic finance knowledge for the Finance master?,"MSc Finance students are expected to have basic knowledge in financial mathematics and econometrics, and should be motivated to take their knowledge to the next level.",MSc,0.00033356036874465644,0,3,False
1,"For MSc Finance, what is the structure of the programme?","All participants study four core modules in Term One, providing a robust quantitative underpinning in key areas of finance. In Term Two, a further two core modules are studied, again reflecting a quantitative thrust. An elective portfolio is offered, with four elective modules which can be undertaken in Term Two and/or Term Three. The elective modules enable participants to develop their interests in a number of specialist areas. Additionally, in Term Three and during the summer, participants engage in the design, execution and delivery of a finance research project which will be supported by a compulsory 10-hour research methods module",.,0.0003400693240109831,644,645,False
2,What is the requirement for GMAR or GRE exam for the Finance master?,We do not require GMAT/GRE scores,We do not require GMAT/GRE scores,0.9988885521888733,378,411,True
3,"For the master program in Finance, who should I contact for further information?",the Programme Administrator via email at: mgmt-finance@ucl.ac.uk,the,0.0007159040542319417,76,79,False
4,What information do I need to provide for my MSc ba' application?,"You will need to include a degree transcript in one of the suggested disciplines, two references, and a personal statement. Overseas applicants should also supply evidence of their English language ability usually via an IELTS test.",You,0.00028455210849642754,0,3,False
5,"For the master program in Finance, what support is provided to student regarding covid-19?",please visit UCL's prospective students Coronavirus (COVID-19) information pages,pages,0.000326266250340268,388,393,False
6,Is ba master offerred as a part-time study?,"No, unfortunately this programme is not offered as a part-time study.","No, unfortunately this programme is not offered as a part-time study.",0.9990986585617065,0,69,True
7,"For MSc Finance, what are the contact details of Programme Administrators?",the Programme Administrator via email at: mgmt-finance@ucl.ac.uk,the,0.001144487876445055,76,79,False
8,Can I apply for a part-time analytics master study?,"No, unfortunately this programme is not offered as a part-time study.","No, unfortunately this programme is not offered as a part-time study.",0.9984933733940125,0,69,True
9,Who should I contact for further details regarding the application process for the Finance master?,the Programme Administrator via email at: mgmt-finance@ucl.ac.uk,the,0.0007094514439813793,76,79,False
10,"I have concerns about studying for the Finance master during Covid-19, do you have any resources on this?",please visit UCL's prospective students Coronavirus (COVID-19) information pages,pages,0.0006262227543629706,388,393,False
11,How much is the tuition fee for international students for the master program in Finance?,"UK/EU/Overseas - £38,000","UK/EU/Overseas - £38,000",0.9925189018249512,63,87,True
12,Is there any classes that are held in main Bloomsbury campus for Master course in Business Analytics?,Canary Wharf,Canary Wharf,0.9989925026893616,80,92,True
13,"For the master program in Finance, how can I fund my studies?",Take a look at the UCL fees and funding pages for details.,Take a look at the UCL fees and funding pages for details.,0.9995113611221313,71,129,True
14,When will the BA program start for 2023/24 academic year?,September 2022,September 2022,0.2923268675804138,38,52,True
15,When is the start date for applying the Finance master?,18 October 2021,18 October 2021,0.9966696500778198,51,66,True
16,"For the Finance master, are relevant work experiences required to be eligible for admission?","MSc Finance students are expected to have basic knowledge in financial mathematics and econometrics, and should be motivated to take their knowledge to the next level.",MSc,0.00020445854170247912,0,3,False
17,What are the main programming language that BA course use?,"The core elements of the programme are delivered in Python. In other modules we also use; R, Stata and JavaScript but Python is the main language used.",.,0.00035865665995515883,150,151,False
18,What is the minimum requirement for English language exam for the Finance master?,Applicants whose first language is not English must be able to provide evidence that their spoken and written command of the English language is adequate.,a minimum of 6.5 in each of the subtests.,4.4778818846680224e-05,349,390,False
19,What is the tuition fee for local students for the Finance master?,"UK/EU/Overseas - £38,000","UK/EU/Overseas - £38,000",0.9807639122009277,63,87,True
20,When will the MSc Business Analytics program start for 2023/24 academic year?,September 2022,September 2022,0.21119728684425354,38,52,True
21,Who can I contact for further details regarding the application process for MSc Finance?,the Programme Administrator via email at: mgmt-finance@ucl.ac.uk,the,0.0007593879709020257,76,79,False
22,When is the deadline for applying for MSc Business analytics?,31 March 2022,31 March 2022,0.6621261835098267,122,135,True
23,Do I need to submit a Resume or CV for the Finance master?,We also require a copy of your CV.,We also require a copy of your CV.,0.9985124468803406,382,416,True
24,"For the master program in Finance, where does the campus located?",Canary Wharf,Canary Wharf,0.9960747957229614,251,263,True
25,Will UCL consider GCSE mathematics scores for the Finance master?,"MSc Finance students are expected to have basic knowledge in financial mathematics and econometrics, and should be motivated to take their knowledge to the next level.",.,0.00010140745871467516,166,167,False
26,Would it be possible to reach out to admission staff to disccuss about my eligibility for the master in ba?,We consider such requests on a “case by case” basis.,We consider such requests on a “case by case” basis.,0.996540367603302,0,52,True
27,"For MSc Finance, are work experiences important factor to be eligible for admission?","MSc Finance students are expected to have basic knowledge in financial mathematics and econometrics, and should be motivated to take their knowledge to the next level.",MSc,0.00013229274190962315,0,3,False
28,"For the Finance master, who can I contact for more details regarding the application process?",the Programme Administrator via email at: mgmt-finance@ucl.ac.uk,the,0.0006963828927837312,76,79,False
29,"For the master program in Finance, how to obtain my CAS number?",please visit UCL’s offer holders FAQ’s page and see the section titled ‘immigration’,’,0.00016264240548480302,183,184,False
30,"For the master program in Finance, is there any scholarship provided?",Take a look at the UCL fees and funding pages for details.,Take a look at the UCL fees and funding pages for details.,0.9996247887611389,71,129,True
31,Is the Business analytics master going to last for a full calender year?,a full calendar year from mid- September to mid-September,a full calendar year from mid- September to mid-September,0.6569459438323975,21,78,True
32,Is it required to complete a Bachelor degree in business or finance to be considered for this program for the Finance master?,"we stress to our applicants that this programme is highly mathematical and quantitative, so you should be prepared to be pushed in these areas.",we,0.0007748593925498426,84,86,False
33,What is the earliest date I can apply for master BA programme?,18 October 2021,UCL’s online portal,0.07007545977830887,255,274,False
34,What are the good things to include a professional statement in my application to MSc Master?,A professional statement is a key component of the application process and must accompany the initial application.,A,0.0003948801022488624,0,1,False
35,Should I wait until last minute for my application to Business Analytics Master?,The sooner the better,The sooner the better,0.8952972292900085,0,21,True
36,Is programming skills need to study the BA Program?,"Yes, we would recommend you have experience of using a programming language","Yes, we would recommend you have experience of using a programming language",0.9949620962142944,0,75,True
37,"For the master program in Finance, do you provide internship opportunities?","in Term Three and during the summer, participants engage in the design, execution and delivery of a finance research project which will be supported by a compulsory 10-hour research methods module.",.,0.0006941077299416065,644,645,False
38,"For MSc Finance, is a Resume or CV required for my application?",We also require a copy of your CV.,We also require a copy of your CV.,0.9983543157577515,382,416,True
39,"For Business Analytics, what is the English exam requirement?",please note that UCL’s English language requirements must be met,please note that UCL’s English language requirements must be met,0.2726983428001404,362,426,True
40,"For the Finance master, do I have to be good at maths to be considered?","we stress to our applicants that this programme is highly mathematical and quantitative, so you should be prepared to be pushed in these areas.",we,0.00013321111327968538,84,86,False
41,"If my application to MSc Business analytics is unsuccessful,  how can I find out the feedback?",we are unable to give details as to why individual applications have been unsuccessful,we are unable to give details as to why individual applications have been unsuccessful,0.9987866878509521,15,101,True
42,"For Business Analytics, do I have to do an interview?",Applicants who meet the entry requirements and are suitable for the course may be invited for an online interview via WePow,WePow,0.00033052676008082926,118,123,False
43,"For MSc Finance, do I need a CAS number?",please visit UCL’s offer holders FAQ’s page and see the section titled ‘immigration’. ,please visit UCL’s offer holders FAQ’,3.3302451907246677e-09,100,137,False
44,What is the main programming languages that are used for MSc BA?,"The core elements of the programme are delivered in Python. In other modules we also use; R, Stata and JavaScript but Python is the main language used.",.,0.000243430957198143,150,151,False
45,What documents do I need to submit for the application of Business Analytics Master Programme?,"You will need to include a degree transcript in one of the suggested disciplines, two references, and a personal statement. Overseas applicants should also supply evidence of their English language ability usually via an IELTS test.",You,9.293401672039181e-05,0,3,False
46,"For MSc Finance, is it important for me to arrive before start day?",prior to 26 September 2022,prior to 26 September 2022,0.9992983937263489,31,57,True
47,What career support is provided from MSc Business Analytics?,Please visit the careers website for information regarding our dedicated careers support.,Please visit the careers website for information regarding our dedicated careers support.,0.9997835159301758,0,89,True
48,"For the Finance master, what internship opportunities do you provide?","in Term Three and during the summer, participants engage in the design, execution and delivery of a finance research project which will be supported by a compulsory 10-hour research methods module.",.,0.000383907463401556,644,645,False
49,What is the tuition fee for interntional students for MSc Finance?,"UK/EU/Overseas - £38,000","UK/EU/Overseas - £38,000",0.9904074668884277,63,87,True
50,Is there a lot of choice in accomdations for students studying MSc Business Analytics?,Please see student accommodation for details of accommodation available at UCL.,Please see student accommodation for details of accommodation available at UCL.,0.9987452626228333,0,79,True
51,Whar are the desired academic background for MSc Finance?,"economics, finance, mathematics, mathematical economics, econometrics, economic theory, statistics, engineering, or any combination of thereof",economics,0.00017087117885239422,64,73,False
52,What is the number of modules that are required to take for BA program?,"students undertake six core modules, two optional modules and complete a Consulting Project/Dissertation.",.,8.369826537091285e-05,121,122,False
53,Do I have to study full time for the BA master programme?,full-time,full-time,0.9867763519287109,47,56,True
54,"For the Finance master, do I have to have relevant work experiences to be eligible for admission?","MSc Finance students are expected to have basic knowledge in financial mathematics and econometrics, and should be motivated to take their knowledge to the next level.",MSc,0.00025632791221141815,0,3,False
55,"For the master program in Finance, is there any resources regarding coronavirus?",please visit UCL's prospective students Coronavirus (COVID-19) information pages,pages,0.00010276590910507366,388,393,False
56,Where can I find the details about UCL's response to Covid-19 for MSc Finance?,please visit UCL's prospective students Coronavirus (COVID-19) information pages,pages,0.00022119248751550913,388,393,False
57,"For MSc Finance, what support is provided to student regarding coronavirus?",please visit UCL's prospective students Coronavirus (COVID-19) information pages,pages,0.00012444760068319738,388,393,False
58,When is the start day for the master program in Finance?,prior to 26 September 2022,prior to 26 September 2022,0.9963882565498352,31,57,True
59,Is it possible to study MSc Finance on a part time basis?,This programme is full-time for one year,This programme is full-time for one year,0.9989543557167053,0,40,True
60,Is it necessary to take GMAT or GRE examination for the master program in Finance?,We do not require GMAT/GRE scores,We do not require GMAT/GRE scores,0.9990895986557007,378,411,True
61,"For the Finance master, what are the university's response on covid outbreak?",please visit UCL's prospective students Coronavirus (COVID-19) information pages,pages,0.0001464019005652517,388,393,False
62,"For the master program in Finance, would you consider applicant with a lower IELTS score?",an overall grade of 7.0 with a minimum of 6.5 in each of the subtests.,an overall grade of 7.0 with a minimum of 6.,8.385050023207441e-05,320,364,False
63,When is the start date for applying MSc Finance?,18 October 2021,18 October 2021,0.994027853012085,51,66,True
64,Can I discuss with faulty to check my eligibility of MSc Business Analytics?,We consider such requests on a “case by case” basis.,We consider such requests on a “case by case” basis.,0.9797860980033875,0,52,True
65,What is the lowest score for IELTS do I need to achieve for Business Analytics?,"an overall grade of 7.0, with a minimum of 6.5 in each of the subtests",an,0.0002163887256756425,1113,1115,False
66,Who should I contact for more information for MSc Finance?,the Programme Administrator via email at: mgmt-finance@ucl.ac.uk,the,0.0007900099153630435,76,79,False
67,Who can I contact for further information regarding the application process for the Finance master?,the Programme Administrator via email at: mgmt-finance@ucl.ac.uk,the,0.0006438404088839889,76,79,False
68,Am I eligible if I do not meet the IELTs requirement for the master program in Finance?,Applicants whose first language is not English must be able to provide evidence that their spoken and written command of the English language is adequate.,an overall grade of 7.0 with a minimum of 6.,0.00030717122717760503,320,364,False
69,Does UCL provide student accomodation for students in MSc Business Analytics?,Please see student accommodation for details of accommodation available at UCL.,Please see student accommodation for details of accommodation available at UCL.,0.9986919164657593,0,79,True
70,"For the Finance master, are there any scholarships that I can apply for?",Take a look at the UCL fees and funding pages for details.,Take a look at the UCL fees and funding pages for details.,0.9994207620620728,71,129,True
71,Can I enrol in BA part-time?,"No, unfortunately this programme is not offered as a part-time study.","No, unfortunately this programme is not offered as a part-time study.",0.9993383884429932,0,69,True
72,"For the Finance master, am I eligible if I do not meet the IELTs requirement?",Applicants whose first language is not English must be able to provide evidence that their spoken and written command of the English language is adequate.,.,2.8106038371333852e-05,153,154,False
73,"For the Finance master, do you provide internship opportunities?","in Term Three and during the summer, participants engage in the design, execution and delivery of a finance research project which will be supported by a compulsory 10-hour research methods module.",.,0.0023416432086378336,644,645,False
74,Do I have to be very numerical for the Finance master?,"we stress to our applicants that this programme is highly mathematical and quantitative, so you should be prepared to be pushed in these areas.",we,0.00017566099995747209,84,86,False
75,Who should I contact for further information for the master program in Finance?,the Programme Administrator via email at: mgmt-finance@ucl.ac.uk,the,0.0007352099637500942,76,79,False
76,Is there any career support for Business Analytic master programme?,Please visit the careers website for information regarding our dedicated careers support.,Please visit the careers website for information regarding our dedicated careers support.,0.9997730255126953,0,89,True
77,How much is the tuition fee for local students for the Finance master?,"UK/EU/Overseas - £38,000","UK/EU/Overseas - £38,000",0.9897777438163757,63,87,True
78,Is it important for me to arrive before start day for MSc Finance?,prior to 26 September 2022,prior to 26 September 2022,0.999407947063446,31,57,True
79,Where can I find the details about UCL's response to Covid-19 for the Finance master?,please visit UCL's prospective students Coronavirus (COVID-19) information pages,pages,0.0003811299102380872,388,393,False
80,"For the master program in Finance, do I have to have relevant work experiences to be eligible for admission?","MSc Finance students are expected to have basic knowledge in financial mathematics and econometrics, and should be motivated to take their knowledge to the next level.",MSc,0.0003488264337647706,0,3,False
81,What is the main programming languages that are used for MSc Business Analytics?,"The core elements of the programme are delivered in Python. In other modules we also use; R, Stata and JavaScript but Python is the main language used.",.,0.00017488932644482702,150,151,False
82,Will I get support regarding my career for the master program in Finance?,"Every year over 1,000 employers/organisations attend events arranged by UCL Careers",Careers,0.00016063071961980313,76,83,False
83,What is the typical career path of graduates for the Finance master?,"commercial banks, investment banks, asset management companies, hedge funds and private equity firms, insurance companies, credit rating agencies, fintech firms, broker/dealers, and boutique financial advisory companies.",Canary Wharf,0.1522917002439499,251,263,False
84,"For the master program in Finance, can I apply with a 6.5 IELTS score?",an overall grade of 7.0 with a minimum of 6.5 in each of the subtests.,an overall grade of 7.0 with a minimum of 6.,0.024605227634310722,320,364,False
85,Where is the campus location for the Finance master?,Canary Wharf,Canary Wharf,0.9992735981941223,251,263,True
86,"For the Finance master, who can I contact for further information?",the Programme Administrator via email at: mgmt-finance@ucl.ac.uk,the,0.0010702338768169284,76,79,False
87,"For the master program in Finance, will you consider related working experience?",Experience in the finance and finance-related sector is beneficial but is not a prerequisite.,.,8.444217382930219e-05,158,159,False
88,Is it an online interview for the master program in Finance?,"Applicants who meet the entry requirements, provide an appropriate professional statement, and pass the online maths test will be invited for an online interview via WePow",Applicants,0.00010976944031426683,0,10,False
89,Is there an English requirement for ba master?,please note that UCL’s English language requirements must be met,31 March 2022,0.3235166668891907,172,185,False
90,Where to apply for scholarship for the Finance master?,Take a look at the UCL fees and funding pages for details.,Take a look at the UCL fees and funding pages for details.,0.9997215270996094,71,129,True
91,"For the master program in Finance, is it required to complete a Bachelor degree in business or finance to be considered for this program?","we stress to our applicants that this programme is highly mathematical and quantitative, so you should be prepared to be pushed in these areas.",we,0.000880276900716126,84,86,False
92,Is it required to have some sort of work experience or education background in the finance and finance-related sector for the Finance master?,Demonstration of an appropriate academic background is essential. Experience in the finance and finance-related sector is beneficial but is not a prerequisite.,Experience,0.00012094438716303557,66,76,False
93,"For 2023/24 academic year, when will the start date be for BA program?",September 2022,September 2022,0.42538660764694214,38,52,True
94,"For the master program in Finance, is GMAT or GRE a complusory requirement?",We do not require GMAT/GRE scores,We do not require GMAT/GRE scores,0.9979336261749268,378,411,True
95,What is the minimum GMAT or GRE score required for MSc Finance?,We do not require GMAT/GRE scores,We do not require GMAT/GRE scores,0.9986523985862732,378,411,True
96,What is the minimum requirement for English language exam for the master program in Finance?,Applicants whose first language is not English must be able to provide evidence that their spoken and written command of the English language is adequate.,an,0.0001419096370227635,320,322,False
97,Do I have to submit a professional statement in my application to MSc Master?,A professional statement is a key component of the application process and must accompany the initial application.,A,0.0005077450186945498,0,1,False
98,"For the Finance master, who should I contact for further information?",the Programme Administrator via email at: mgmt-finance@ucl.ac.uk,the,0.0009957299334928393,76,79,False
99,Is experience in the financial sector a necessaryfor MSc Finance?,Experience in the finance and finance-related sector is beneficial but is not a prerequisite.,Experience,0.0001639725232962519,66,76,False
100,"For the master program in Finance, is working experience essential?",Experience in the finance and finance-related sector is beneficial but is not a prerequisite.,Experience,8.302783680846915e-05,66,76,False
101,"For MSc Finance, is working experience essential?",Experience in the finance and finance-related sector is beneficial but is not a prerequisite.,Experience,0.0001059538553818129,66,76,False
102,"When applying for Business Analytics, what should be included in the personal statement?","Why you want to study Business Analytics at a postgraduate level; 
What particularly attracts you to this programme and to UCL; 
How your academic and professional background meets the demands of this challenging programme; 
What your post-degree aspirations are. ","the demands of this challenging programme; 
What your post-degree aspirations are.",7.828933057396625e-09,181,263,False
103,What documents are required for the application fo MSc Business Analytics Programme?,"You will need to include a degree transcript in one of the suggested disciplines, two references, and a personal statement. Overseas applicants should also supply evidence of their English language ability usually via an IELTS test.",.,0.0001335127162747085,231,232,False
104,Is it cheaper to study MSc Finance as an EU student?,"UK/EU/Overseas - £38,000","UK/EU/Overseas - £38,000",0.975824773311615,63,87,True
105,"What academic background are you looking for, for MSc Finance?","economics, finance, mathematics, mathematical economics, econometrics, economic theory, statistics, engineering, or any combination of thereof",economics,0.00014582292351406068,64,73,False
106,Will my application for MSc Master be considered if I get a 3rd?,We will not consider applicants with a degree result lower than an upper second-class degree.,We,0.00030564720509573817,620,622,False
107,Can I take the course part time for the master program in Finance?,This programme is full-time for one year,This programme is full-time for one year,0.9974084496498108,0,40,True
108,Is there any student accomdations that are approximate to the campus if if I enroll in the MSc Business Analytics program?,Please see student accommodation for details of accommodation available at UCL.,Please see student accommodation for details of accommodation available at UCL.,0.9995852112770081,0,79,True
109,Do you have a list of documents that are mandatory for the application of MSc BA Programme?,"You will need to include a degree transcript in one of the suggested disciplines, two references, and a personal statement. Overseas applicants should also supply evidence of their English language ability usually via an IELTS test.",You,0.00024802738334983587,0,3,False
110,"For MSc Finance, is there any resources regarding coronavirus?",please visit UCL's prospective students Coronavirus (COVID-19) information pages,pages,0.00017069527530111372,388,393,False
111,Where is the campus of the BA program?,Canary Wharf,Canary Wharf,0.9990391731262207,80,92,True
112,"For the Finance master, when should I arrive in London?",prior to 26 September 2022,prior to 26 September 2022,0.9992811679840088,31,57,True
113,When is the exact deadline for BA programme application?,31 March 2022,31 March 2022,0.9314191341400146,122,135,True
114,"For the master program in Finance, who should I contact for further details?",the Programme Administrator via email at: mgmt-finance@ucl.ac.uk,the,0.0007580374367535114,76,79,False
115,"For the master program in Finance, do I need a CAS number?",please visit UCL’s offer holders FAQ’s page and see the section titled ‘immigration’,please,0.00011239050218136981,100,106,False
116,How to apply for Business analytics master?,UCL’s online portal,UCL’s online portal,0.9911067485809326,255,274,True
117,Do I need to do an internship as part of the study for the master program in Finance?,"in Term Three and during the summer, participants engage in the design, execution and delivery of a finance research project which will be supported by a compulsory 10-hour research methods module.",.,0.00010382676555309445,644,645,False
118,"For the Finance master, do I have to be very numerical?","we stress to our applicants that this programme is highly mathematical and quantitative, so you should be prepared to be pushed in these areas.",we,8.672036346979439e-05,84,86,False
119,Who can I contact for further information regarding the application process for the master program in Finance?,the Programme Administrator via email at: mgmt-finance@ucl.ac.uk,the,0.0011485273716971278,76,79,False
120,"For MSc Finance, where will the campus be, Bloomsbury or Canary Wharf?",Canary Wharf,Canary Wharf,0.9496448636054993,251,263,True
121,What is the focus of the curriculum for the master program in Finance?,"All participants study four core modules in Term One, providing a robust quantitative underpinning in key areas of finance. In Term Two, a further two core modules are studied, again reflecting a quantitative thrust. An elective portfolio is offered, with four elective modules which can be undertaken in Term Two and/or Term Three. The elective modules enable participants to develop their interests in a number of specialist areas. Additionally, in Term Three and during the summer, participants engage in the design, execution and delivery of a finance research project which will be supported by a compulsory 10-hour research methods module.",.,0.0009007967892102897,644,645,False
122,"For the master program in Finance, is it a part-time course?",This programme is full-time for one year,This programme is full-time for one year,0.9985938668251038,0,40,True
123,Is there a application portal for MSC business analytics?,UCL’s online portal,UCL’s online portal,0.6170132160186768,255,274,True
124,"For MSc Finance, who can I contact for more information?",the Programme Administrator via email at: mgmt-finance@ucl.ac.uk,the,0.0012975834542885423,76,79,False
125,What career path do students of MSc Finance have after gradution?,"commercial banks, investment banks, asset management companies, hedge funds and private equity firms, insurance companies, credit rating agencies, fintech firms, broker/dealers, and boutique financial advisory companies.",.,0.005781953688710928,787,788,False
126,What are the details of the curriculum for the master program in Finance?,"All participants study four core modules in Term One, providing a robust quantitative underpinning in key areas of finance. In Term Two, a further two core modules are studied, again reflecting a quantitative thrust. An elective portfolio is offered, with four elective modules which can be undertaken in Term Two and/or Term Three. The elective modules enable participants to develop their interests in a number of specialist areas. Additionally, in Term Three and during the summer, participants engage in the design, execution and delivery of a finance research project which will be supported by a compulsory 10-hour research methods module.",.,0.0005448706215247512,644,645,False
127,"For MSc Finance, what IELTS score is considered good?",an overall grade of 7.0 with a minimum of 6.5 in each of the subtests.,an,0.0004937470075674355,320,322,False
128,When can I start to apply for the Finance master?,18 October 2021,18 October 2021,0.9971587657928467,51,66,True
129,What is the lowest grade required for the Finance master?,"a minimum of an Upper Second Class Bachelor’s Degree from a recognised UK University, or the overseas equivalent from a recognised higher education institution",institution,0.0002607654605526477,171,182,False
130,What advice can I get regarding my career for the master program in Finance?,"Every year over 1,000 employers/organisations attend events arranged by UCL Careers",Every,0.00013082301302347332,0,5,False
131,Who can I email to request for more details on the analytics master course?,the Programme Administrator via: mgmt-ba@ucl.ac.uk,the,0.00021144775382708758,76,79,False
132,"For the Finance master, is internship included as part of the study?","in Term Three and during the summer, participants engage in the design, execution and delivery of a finance research project which will be supported by a compulsory 10-hour research methods module.",.,8.598049316788092e-05,644,645,False
133,Is it possible to take MSc Finance on a part time basis?,This programme is full-time for one year,This programme is full-time for one year,0.9989343285560608,0,40,True
134,Do I need basic financial mathematics knowledge for the master program in Finance?,"MSc Finance students are expected to have basic knowledge in financial mathematics and econometrics, and should be motivated to take their knowledge to the next level.",MSc,0.00011934471694985405,0,3,False
135,"For the Finance master, can you provide more details regarding my potential study and covid-19?",please visit UCL's prospective students Coronavirus (COVID-19) information pages,pages,0.00048489763867110014,388,393,False
136,"For MSc Finance, what is the tuition fee for international student?","UK/EU/Overseas - £38,000","UK/EU/Overseas - £38,000",0.9817708730697632,63,87,True
137,"For the Finance master, where does the campus located?",Canary Wharf,Canary Wharf,0.9993584156036377,251,263,True
138,"I have concerns about studying for the Finance master during coronavirus, do you have any resources on this?",please visit UCL's prospective students Coronavirus (COVID-19) information pages,pages,0.00020778199541382492,388,393,False
139,Is personal statement a mandatory requirement for my application to MSc BA?,The personal statement is an opportunity to illustrate whether your reasons for applying to this programme match what the programme will deliver.,The,0.0002088189503410831,0,3,False
140,Where is the location of the School for the master program in Finance?,Canary Wharf,Canary Wharf,0.953328013420105,251,263,True
141,"For the master program in Finance, is working experience required?",Experience in the finance and finance-related sector is beneficial but is not a prerequisite.,Experience,8.273794082924724e-05,66,76,False
142,"For MSc Finance, will i get advice regarding my career?","Every year over 1,000 employers/organisations attend events arranged by UCL Careers",Every,0.00012186320964246988,0,5,False
143,"For the master program in Finance, who can I contact for more details?",the Programme Administrator via email at: mgmt-finance@ucl.ac.uk,the,0.0008380381623283029,76,79,False
144,What details should I go into regarding my personal statement for master of analytics?,"Why you want to study Business Analytics at a postgraduate level; 
What particularly attracts you to this programme and to UCL; 
How your academic and professional background meets the demands of this challenging programme; 
What your post-degree aspirations are. ","the demands of this challenging programme; 
What your post-degree aspirations are.",2.2234553087585596e-10,181,263,False
145,Do you have real-world clients for class projects for MSc Finance?,"in Term Three and during the summer, participants engage in the design, execution and delivery of a finance research project which will be supported by a compulsory 10-hour research methods module.",.,0.0008410678710788488,644,645,False
146,"I have concerns about studying for the master program in Finance during coronavirus, do you have any resources on this?",please visit UCL's prospective students Coronavirus (COVID-19) information pages,pages,0.0002527784672565758,388,393,False
147,Is ther a part time version for MSc Finance?,This programme is full-time for one year,This programme is full-time for one year,0.9966610670089722,0,40,True
148,Do I need basic mathematics knowledge for MSc Finance?,"MSc Finance students are expected to have basic knowledge in financial mathematics and econometrics, and should be motivated to take their knowledge to the next level.",MSc,0.00024152721744030714,0,3,False
149,"For MSc Finance, are internships a part of this Masters programme?","in Term Three and during the summer, participants engage in the design, execution and delivery of a finance research project which will be supported by a compulsory 10-hour research methods module.",.,0.00011220886517548934,644,645,False
150,"For the Finance master, what is the date of deadline for applying?",31 March 2022,31 March 2022,0.981338620185852,160,173,True
151,"For MSc Finance, when is the deadline of application?",31 March 2022,31 March 2022,0.9936070442199707,160,173,True
152,"For MSc Finance, do I have to be good at Mathematics to be considered?","we stress to our applicants that this programme is highly mathematical and quantitative, so you should be prepared to be pushed in these areas.",we,0.0001515404146630317,84,86,False
153,Is it an face to face interview for the Finance master?,"Applicants who meet the entry requirements, provide an appropriate professional statement, and pass the online maths test will be invited for an online interview via WePow",Applicants,0.0001658110850257799,0,10,False
154,"For the Finance master, is there a career team?","Every year over 1,000 employers/organisations attend events arranged by UCL Careers",Careers,0.0003078679146710783,76,83,False
155,How much is the tuition fee for overseas students for MSc Finance?,"UK/EU/Overseas - £38,000","UK/EU/Overseas - £38,000",0.9805235862731934,63,87,True
156,Is there a required documents list for the application of MSc BA programme?,"You will need to include a degree transcript in one of the suggested disciplines, two references, and a personal statement. Overseas applicants should also supply evidence of their English language ability usually via an IELTS test.",You,8.850991434883326e-05,0,3,False
157,"For MSc Finance, is it required to complete a Bachelor degree that are highly quantitative?","we stress to our applicants that this programme is highly mathematical and quantitative, so you should be prepared to be pushed in these areas.",we,0.0008434925111941993,84,86,False
158,"For the master program in Finance, are work experiences essential to be eligible for admission?","MSc Finance students are expected to have basic knowledge in financial mathematics and econometrics, and should be motivated to take their knowledge to the next level.",MSc,7.351503154495731e-05,0,3,False
159,Would you consider applicant with a lower IELTS score for MSc Finance?,an overall grade of 7.0 with a minimum of 6.5 in each of the subtests.,an,0.00021395389921963215,320,322,False
160,When should I come to London for the master program in Finance?,prior to 26 September 2022,prior to 26 September 2022,0.998291552066803,31,57,True
161,Why do I need a CAS number for the Finance master?,please visit UCL’s offer holders FAQ’s page and see the section titled ‘immigration’. ,please visit UCL’,3.490583155851823e-09,100,117,False
162,"For the master program in Finance, how will the interview be conducted?","Applicants who meet the entry requirements, provide an appropriate professional statement, and pass the online maths test will be invited for an online interview via WePow",WePow,0.00011353208537911996,166,171,False
163,"For MSc Finance, is experience in the financial sector essential?",Experience in the finance and finance-related sector is beneficial but is not a prerequisite.,.,8.599468128522858e-05,158,159,False
164,When's the earliest I can apply for BA Master?,18 October 2021,18 October 2021,0.2329334169626236,63,78,True
165,"For BA master, what faculty is the course under?",School of Management,School of Management,0.9950028657913208,121,141,True
166,"For the Finance master, is it possible to take the course on a part-time basis?",This programme is full-time for one year,This programme is full-time for one year,0.9969120621681213,0,40,True
167,"For MSc Finance, where will my class be?",Canary Wharf,Canary Wharf,0.9994736909866333,251,263,True
168,How is the interview conducted for the Finance master?,"Applicants who meet the entry requirements, provide an appropriate professional statement, and pass the online maths test will be invited for an online interview via WePow",Applicants,0.00011398736387491226,0,10,False
169,"For the Finance master, how much is the tuition fee for international students?","UK/EU/Overseas - £38,000","UK/EU/Overseas - £38,000",0.9949582815170288,63,87,True
170,When does application open for BA master?,18 October 2021,18 October 2021,0.8409929275512695,63,78,True
171,When is the application deadline for MSc Business Analytics?,31 March 2022,31 March 2022,0.9666458368301392,122,135,True
172,"For the Finance master, is experience in the finance and finance-related sector a prerequisite?",Experience in the finance and finance-related sector is beneficial but is not a prerequisite.,.,0.00027479746495373547,158,159,False
173,Do I have to include a professional statement in my application to MSc Master?,A professional statement is a key component of the application process and must accompany the initial application.,A,0.000517573207616806,0,1,False
174,Are work experiences essential to be eligible for admission for the master program in Finance?,"MSc Finance students are expected to have basic knowledge in financial mathematics and econometrics, and should be motivated to take their knowledge to the next level.",.,6.828142795711756e-05,166,167,False
175,Do I have to do ielts for applying ba master course?,please note that UCL’s English language requirements must be met,please note that UCL’s English language requirements must be met,0.782029390335083,362,426,True
176,How many rounds of interviews are there for MSc Finance?,"Applicants who meet the entry requirements, provide an appropriate professional statement, and pass the online maths test will be invited for an online interview via WePow .",Applicants,0.00011792146688094363,0,10,False
177,Is there any fundings or scholarship available forBusiness Analytics programme?,Scholarships are available through UCL for all years of study.,Scholarships are available through UCL for all years of study.,0.995753288269043,0,62,True
178,What should be included in my personal statement for Master of BA?,"Why you want to study Business Analytics at a postgraduate level; 
What particularly attracts you to this programme and to UCL; 
How your academic and professional background meets the demands of this challenging programme; 
What your post-degree aspirations are. ","the demands of this challenging programme; 
What your post-degree aspirations are.",1.403733934646212e-10,181,263,False
179,What's the need of having a CAS number for the master program in Finance?,please visit UCL’s offer holders FAQ’s page and see the section titled ‘immigration’,please visit UCL’,0.001598156406544149,100,117,False
180,What English examination do I need to take in order to apply for MSc BA?,please note that UCL’s English language requirements must be met,please note that UCL’s English language requirements must be met,0.6255382895469666,362,426,True
181,What is the mode of study for BA?,full-time,full-time,0.9314307570457458,47,56,True
182,"For the Finance master's application, can I not submit a professional statement?",A professional statement is a key component of the application process and must accompany the initial application.,A,0.00024215523444581777,0,1,False
183,"For the Finance master, how many modules do I need to take?","All participants study four core modules in Term One, providing a robust quantitative underpinning in key areas of finance. In Term Two, a further two core modules are studied, again reflecting a quantitative thrust. An elective portfolio is offered, with four elective modules which can be undertaken in Term Two and/or Term Three. The elective modules enable participants to develop their interests in a number of specialist areas. Additionally, in Term Three and during the summer, participants engage in the design, execution and delivery of a finance research project which will be supported by a compulsory 10-hour research methods module.",All,0.00010827322694240138,0,3,False
184,"For MSc Finance, how is the interview conducted?","Applicants who meet the entry requirements, provide an appropriate professional statement, and pass the online maths test will be invited for an online interview via WePow .",Applicants,0.0001295852125622332,0,10,False
185,"For MSc Finance, who can I contact for further information?",the Programme Administrator via email at: mgmt-finance@ucl.ac.uk,the,0.0013219272950664163,76,79,False
186,What kind of documents do I need to submit in the application of BA programme?,"You will need to include a degree transcript in one of the suggested disciplines, two references, and a personal statement. Overseas applicants should also supply evidence of their English language ability usually via an IELTS test.",You,0.00015638631884939969,0,3,False
187,"For MSc Finance, who can I contact for more details?",the Programme Administrator via email at: mgmt-finance@ucl.ac.uk,the,0.0013288925401866436,76,79,False
188,"For MSc Finance, what is the date of deadline for applying?",31 March 2022,31 March 2022,0.9901147484779358,160,173,True
189,Where should I live if I am doing the analytics course?,Please see student accommodation for details of accommodation available at UCL.,Please see student accommodation for details of accommodation available at UCL.,0.9993912577629089,0,79,True
190,Is there a part time option for the business analytics master?,"No, unfortunately this programme is not offered as a part-time study.","No, unfortunately this programme is not offered as a part-time study.",0.9994065165519714,0,69,True
191,Do I have to be very quantitative for MSc Finance?,"we stress to our applicants that this programme is highly mathematical and quantitative, so you should be prepared to be pushed in these areas.",we,0.0001853809371823445,84,86,False
192,"For MSc Finance, what is the tuition fee for local student?","UK/EU/Overseas - £38,000","UK/EU/Overseas - £38,000",0.9812242388725281,63,87,True
193,Can you provide more details regarding my potential study and coronavirus for MSc Finance?,please visit UCL's prospective students Coronavirus (COVID-19) information pages,pages,0.000616632285527885,388,393,False
194,What programming langauge can I expect to learn in the master course in BA?,"The core elements of the programme are delivered in Python. In other modules we also use; R, Stata and JavaScript but Python is the main language used.",.,0.0001493209711043164,150,151,False
195,"For the Finance master, who should I contact for further details regarding the application process?",the Programme Administrator via email at: mgmt-finance@ucl.ac.uk,the,0.0007290798821486533,76,79,False
196,"For MSc Finance, how much is the tuition fee for UK students?","UK/EU/Overseas - £38,000","UK/EU/Overseas - £38,000",0.9914479851722717,63,87,True
197,Who should I contact for further information for MSc Finance?,the Programme Administrator via email at: mgmt-finance@ucl.ac.uk,the,0.0008623304311186075,76,79,False
198,"For the Finance master, can I undertake the course on a part-time basis?",This programme is full-time for one year,This programme is full-time for one year,0.9975007176399231,0,40,True
199,What is the minimum score do I need to get for Ielts for MSc Business Analytics?,"an overall grade of 7.0, with a minimum of 6.5 in each of the subtests",an,0.00016572912863921374,1113,1115,False
200,Is there a contact email for potential canditates to request more information regrading the ba master course?,the Programme Administrator via: mgmt-ba@ucl.ac.uk,the,0.0007747574709355831,76,79,False
201,Does my bachelor degree has to be highly numerical to be considered for MSc Finance?,"we stress to our applicants that this programme is highly mathematical and quantitative, so you should be prepared to be pushed in these areas.",we,0.0008369016577489674,84,86,False
202,What is the structure of the program for the master program in Finance?,"All participants study four core modules in Term One, providing a robust quantitative underpinning in key areas of finance. In Term Two, a further two core modules are studied, again reflecting a quantitative thrust. An elective portfolio is offered, with four elective modules which can be undertaken in Term Two and/or Term Three. The elective modules enable participants to develop their interests in a number of specialist areas. Additionally, in Term Three and during the summer, participants engage in the design, execution and delivery of a finance research project which will be supported by a compulsory 10-hour research methods module",.,0.0007034838199615479,644,645,False
203,"For the master program in Finance, what is the tuition fee for international student?","UK/EU/Overseas - £38,000","UK/EU/Overseas - £38,000",0.994280993938446,63,87,True
204,"For the Finance master, is the requirement for GMAR or GRE exam?",We do not require GMAT/GRE scores,We do not require GMAT/GRE scores,0.9991191625595093,378,411,True
